irwinid,fire_name,agency,year_,alarm_date,cont_date,fire_duration,duration_bucket,c_method,objective,cause,gis_acres,centroid,lat,lon
{A7EA5D21-F882-44B8-BF64-44AB11059DC1},PALISADES,CDF,2025.0,2025-01-07 08:00:00,2025-01-31 08:00:00,24.0,15–45 days (extended attack),7.0,1.0,14,23448.88,POINT (-118.57352271119261 34.072299282623),34.072299282623,-118.57352271119261
{72660ADC-B5EF-4D96-A33F-B4EA3740A4E3},EATON,CDF,2025.0,2025-01-08 08:00:00,2025-01-31 08:00:00,23.0,15–45 days (extended attack),7.0,1.0,14,14056.26,POINT (-118.09262781371069 34.20075560372198),34.20075560372198,-118.09262781371069
{994072D2-E154-434A-BB95-6F6C94C40829},HUGHES,CDF,2025.0,2025-01-22 08:00:00,2025-01-28 08:00:00,6.0,6–14 days (short duration),7.0,1.0,14,10396.8,POINT (-118.58465423805687 34.54208225744294),34.54208225744294,-118.58465423805687
{842FB37B-7AC8-4700-BB9C-028BF753D149},KENNETH,CCO,2025.0,2025-01-09 08:00:00,2025-02-04 08:00:00,26.0,15–45 days (extended attack),2.0,1.0,14,998.7378,POINT (-118.68439787529691 34.17509807595532),34.17509807595532,-118.68439787529691
{F4E810AD-CDF3-4ED4-B63F-03D43785BA7B},HURST,CDF,2025.0,2025-01-07 08:00:00,2025-01-09 08:00:00,2.0,0–5 days (initial attack),7.0,1.0,14,831.3855,POINT (-118.4798921520548 34.33266622620278),34.33266622620278,-118.4798921520548
{22CAD814-48B1-4460-A368-F50F493F3740},PARK,CDF,2024.0,2024-07-24 07:00:00,2024-09-07 07:00:00,45.0,15–45 days (extended attack),7.0,1.0,7,429602.8,POINT (-121.79841150708565 40.11639152660754),40.11639152660754,-121.79841150708565
{4CB2F74D-51F9-47E3-8CFA-43F75DCB8A26},BOREL,USF,2024.0,2024-07-24 07:00:00,2024-09-15 07:00:00,53.0,46–95 days (long duration),3.0,1.0,14,59288.54,POINT (-118.5326955538353 35.50348257073284),35.50348257073284,-118.5326955538353
{928C4DA9-5AD6-4E0C-A3A4-2C36FFEF7223},BRIDGE,USF,2024.0,2024-09-08 07:00:00,2024-12-31 08:00:00,114.0,95+ days (campaign fire),7.0,1.0,14,55724.17,POINT (-117.7098717182358 34.30440113663016),34.30440113663016,-117.7098717182358
{4A605BD7-E9EC-42A7-8A86-3BC47A795382},LINE,USF,2024.0,2024-09-06 07:00:00,2024-12-23 08:00:00,108.0,95+ days (campaign fire),3.0,1.0,14,43975.61,POINT (-117.06630832279482 34.159518998243755),34.159518998243755,-117.06630832279482
{748283A9-D659-4FC4-9938-55DDE2484A19},LAKE,USF,2024.0,2024-07-05 07:00:00,2024-08-04 07:00:00,30.0,15–45 days (extended attack),3.0,1.0,14,38610.38,POINT (-120.02688417504363 34.75682162118413),34.75682162118413,-120.02688417504363
{192018FD-A111-425C-8F4C-775570A9FD3E},TROUT,USF,2024.0,2024-07-13 07:00:00,2024-09-06 07:00:00,55.0,46–95 days (long duration),3.0,1.0,1,23822.11,POINT (-118.2934737898187 35.98009248506861),35.98009248506861,-118.2934737898187
{8DE09A3A-443F-4D3F-8A56-6A650C70C41A},AIRPORT,CCO,2024.0,2024-09-09 07:00:00,2024-10-06 07:00:00,27.0,15–45 days (extended attack),3.0,1.0,2,23526.35,POINT (-117.4930251014925 33.66203674115051),33.66203674115051,-117.4930251014925
{70E13D7C-9894-401C-8BB4-F0A3C2F4DF4C},MOUNTAIN,CCO,2024.0,2024-11-06 08:00:00,2024-11-26 08:00:00,20.0,15–45 days (extended attack),7.0,1.0,14,19902.06,POINT (-119.02254321777059 34.315929656318076),34.315929656318076,-119.02254321777059
{669F10E0-1452-4080-906E-0C53EF6D2607,SITES,CDF,2024.0,2024-06-17 07:00:00,2024-06-26 07:00:00,9.0,6–14 days (short duration),7.0,1.0,11,19132.36,POINT (-122.43695383584078 39.266275301286775),39.266275301286775,-122.43695383584078
{2C267901-16C4-4A9E-8C6C-91A59CB60FC9},BOONE,CDF,2024.0,2024-09-03 07:00:00,2024-09-21 07:00:00,18.0,15–45 days (extended attack),7.0,1.0,2,17614.5,POINT (-120.58244098002358 36.17311399198534),36.17311399198534,-120.58244098002358
{0DC18BD0-8B1E-49B7-BF2D-75D5140D286B},POST,CDF,2024.0,2024-06-15 07:00:00,2024-06-26 07:00:00,11.0,6–14 days (short duration),7.0,1.0,14,15563.13,POINT (-118.83410763802183 34.7263802613224),34.7263802613224,-118.83410763802183
{C1E955D6-D77C-4ED5-9F80-6EC085CEB269},SHELLY,USF,2024.0,2024-07-03 07:00:00,2024-08-06 07:00:00,34.0,15–45 days (extended attack),7.0,1.0,14,15519.74,POINT (-123.01374758589265 41.495016062330194),41.495016062330194,-123.01374758589265
{4FADC095-2960-4C73-B8D5-DC3E8053A0CF},CORRAL,CDF,2024.0,2024-06-01 07:00:00,2024-06-06 07:00:00,5.0,0–5 days (initial attack),2.0,1.0,14,14166.77,POINT (-121.4454352606945 37.6333564140734),37.6333564140734,-121.4454352606945
{62A5DB78-38A8-4B54-8F7C-664DB0783E9C},COFFEE POT,NPS,2024.0,2024-08-03 07:00:00,2024-12-16 08:00:00,135.0,95+ days (campaign fire),3.0,1.0,1,14103.92,POINT (-118.76307920066546 36.395210070295064),36.395210070295064,-118.76307920066546
{8DC61EB2-33DD-40D0-BAD6-DD08BDEECD6C},BASIN,USF,2024.0,2024-06-26 07:00:00,2024-07-19 07:00:00,23.0,15–45 days (extended attack),3.0,1.0,1,14020.15,POINT (-119.12519031454912 36.89067432897266),36.89067432897266,-119.12519031454912
{3A93ED29-EB55-491C-90B2-6A12FC14D162},HURRICANE,BLM,2024.0,2024-07-13 07:00:00,2024-07-17 07:00:00,4.0,0–5 days (initial attack),7.0,1.0,14,13279.43,POINT (-119.65923111305582 35.19879351928534),35.19879351928534,-119.65923111305582
{AAABEA8A-0E28-4D8D-BC93-19D27C9EE4BB},BOISE,USF,2024.0,2024-08-09 07:00:00,2024-09-20 07:00:00,42.0,15–45 days (extended attack),7.0,1.0,1,12912.65,POINT (-123.47288297698115 41.247960716875994),41.247960716875994,-123.47288297698115
{6F24A509-17CB-44A2-95C8-CFD7B65B8E64},HAPPY,USF,2024.0,2024-07-16 07:00:00,2024-11-15 08:00:00,122.0,95+ days (campaign fire),6.0,1.0,1,12543.15,POINT (-118.72880148205233 36.831297269096495),36.831297269096495,-118.72880148205233
{AFC5730E-2C3A-464B-8BCE-3967545980D3},FRESNO JUNE LIGHTNING COMPLEX,CDF,2024.0,2024-06-24 07:00:00,2024-07-04 07:00:00,10.0,6–14 days (short duration),2.0,1.0,1,10641.13,POINT (-119.30511521289517 36.754707954733625),36.754707954733625,-119.30511521289517
{87C660D3-0345-4FC9-AC5E-A223C89E45D3},RANCHO,CCO,2024.0,2024-07-13 07:00:00,2024-07-15 07:00:00,2.0,0–5 days (initial attack),1.0,1.0,14,9637.177,POINT (-118.74801707316844 35.09615551614082),35.09615551614082,-118.74801707316844
{60BFD61A-6E73-4EA5-9CFD-4F04FB53A0CA},LONG,BLM,2024.0,2024-07-15 07:00:00,2024-09-17 07:00:00,64.0,46–95 days (long duration),7.0,1.0,1,9204.34,POINT (-118.15783910026305 35.85283936770365),35.85283936770365,-118.15783910026305
{BB9142F4-470D-4DD8-844E-0E5FD52303BA},HILL,USF,2024.0,2024-07-16 07:00:00,2024-08-14 07:00:00,29.0,15–45 days (extended attack),7.0,1.0,1,7224.247,POINT (-123.64473746780365 40.78032088384423),40.78032088384423,-123.64473746780365
{6B5429B8-6A74-40AA-B872-7C6CB7BC841D},WHITE,CCO,2024.0,2024-07-13 07:00:00,2024-07-26 07:00:00,13.0,6–14 days (short duration),1.0,1.0,14,5562.288,POINT (-118.53532106750839 34.970895795801326),34.970895795801326,-118.53532106750839
{6893119a-7907-41a6-9c1f-8390284d459e},AERO,CDF,2024.0,2024-06-17 07:00:00,2024-06-27 07:00:00,10.0,6–14 days (short duration),2.0,1.0,2,5284.863,POINT (-120.64938520607264 37.999342280502404),37.999342280502404,-120.64938520607264
{9DA145D8-6710-46BD-A9B1-AD879BCF7801},NIXON,CDF,2024.0,2024-07-29 07:00:00,2024-08-07 07:00:00,9.0,6–14 days (short duration),3.0,1.0,11,5221.287,POINT (-116.72597237958728 33.457061509866776),33.457061509866776,-116.72597237958728
{4271D7E5-3765-4D9A-A492-205DE510D51F},SHOE,USF,2024.0,2024-10-09 07:00:00,2024-11-16 08:00:00,38.0,15–45 days (extended attack),3.0,1.0,9,5124.031,POINT (-122.0979347369899 40.92647984097155),40.92647984097155,-122.0979347369899
{017913A7-BBD3-482A-AE60-8B9894E4FC3A},NORTH,BLM,2024.0,2024-07-07 07:00:00,2024-07-14 07:00:00,7.0,6–14 days (short duration),7.0,1.0,10,4379.456,POINT (-120.4295247800801 41.256217535184284),41.256217535184284,-120.4295247800801
{F832B3D9-697F-4A09-9230-288430AD50E0},HORSESHOE,USF,2024.0,2024-10-30 07:00:00,2025-01-28 08:00:00,90.0,46–95 days (long duration),7.0,1.0,14,4223.524,POINT (-118.10140035277078 36.50200946730346),36.50200946730346,-118.10140035277078
{E3ECF651-9999-4283-B6C5-21846D041273},FRANKLIN,CDF,2024.0,2024-12-09 08:00:00,2024-12-19 08:00:00,10.0,6–14 days (short duration),7.0,1.0,14,4123.706,POINT (-118.69784247806048 34.051588325887394),34.051588325887394,-118.69784247806048
,LOST HILLS,CCO,2024.0,2024-07-15 07:00:00,2024-07-15 07:00:00,0.0,,1.0,1.0,14,4044.124,POINT (-119.65524962677762 35.63769934742691),35.63769934742691,-119.65524962677762
{0e9eb14f-e592-4e8d-91a7-bdcc827934ad},PEDRO,CDF,2024.0,2024-07-30 07:00:00,2024-08-06 07:00:00,7.0,6–14 days (short duration),2.0,1.0,8,3819.055,POINT (-120.27094423537824 37.662305381862176),37.662305381862176,-120.27094423537824
{81E88223-B631-460F-BCA3-DF994048F12F},THOMPSON,CDF,2024.0,2024-07-02 07:00:00,2024-07-09 07:00:00,7.0,6–14 days (short duration),7.0,1.0,7,3782.467,POINT (-121.51492511628169 39.545600565102106),39.545600565102106,-121.51492511628169
{98863999-FA09-4779-A393-E69EAF8E4351},BEAR,USF,2024.0,2024-09-02 07:00:00,2024-09-24 07:00:00,22.0,15–45 days (extended attack),7.0,1.0,14,3322.563,POINT (-120.19536646316568 39.614029704253475),39.614029704253475,-120.19536646316568
,LOST 3,CCO,2024.0,2024-06-06 07:00:00,2024-06-07 07:00:00,1.0,0–5 days (initial attack),1.0,1.0,14,3283.201,POINT (-119.68716830628475 35.70309743192483),35.70309743192483,-119.68716830628475
{CEB331F5-FB4C-4FE1-B7A0-B96D47DE1B1C},MILL,USF,2024.0,2024-07-22 07:00:00,2024-08-05 07:00:00,14.0,6–14 days (short duration),7.0,1.0,1,2936.694,POINT (-120.5017992520086 39.73687422103197),39.73687422103197,-120.5017992520086
{8DBFCCF1-D0D4-4C42-8914-09978CB0D3B1},VISTA,USF,2024.0,2024-07-07 07:00:00,,,,7.0,1.0,14,2935.85,POINT (-117.59276455463245 34.284619782055756),34.284619782055756,-117.59276455463245
{5570D890-86D2-465A-B2AA-0F622DDB1DC9},RIDGE,CDF,2024.0,2024-07-20 07:00:00,2024-07-27 07:00:00,7.0,6–14 days (short duration),7.0,1.0,14,2755.283,POINT (-122.43711297722115 39.042866817295696),39.042866817295696,-122.43711297722115
{25E90B9E-FDAE-423C-9197-B015CE69E6C1},CROZIER,CDF,2024.0,2024-08-06 07:00:00,2024-08-20 07:00:00,14.0,6–14 days (short duration),3.0,1.0,7,1955.33,POINT (-120.68835857407021 38.838331602542695),38.838331602542695,-120.68835857407021
{CF752261-36E5-44C3-AB89-61B0B0CA75AF},EAGLE,CDF,2024.0,2024-07-21 07:00:00,2024-07-23 07:00:00,2.0,0–5 days (initial attack),8.0,1.0,14,1710.17,POINT (-117.47928708966823 33.81442487899942),33.81442487899942,-117.47928708966823
{3456e2db-a36c-4135-a4d7-78bee1a73fe7},MCCAIN 4,CDF,2024.0,2024-07-01 07:00:00,2024-07-06 07:00:00,5.0,0–5 days (initial attack),7.0,1.0,10,1596.656,POINT (-116.20864274916747 32.66783771569804),32.66783771569804,-116.20864274916747
{6B57A309-92D9-4923-BA65-41430F51B82C},WEST,BLM,2024.0,2024-06-03 07:00:00,2024-06-06 07:00:00,3.0,0–5 days (initial attack),7.0,1.0,14,1575.731,POINT (-118.24039873549381 34.91792227812203),34.91792227812203,-118.24039873549381
{E12FD7EC-CD5B-4442-BE59-6A825F914BA1},APACHE,USF,2024.0,2024-07-24 07:00:00,2024-08-05 07:00:00,12.0,6–14 days (short duration),7.0,1.0,14,1496.342,POINT (-119.39756251039917 34.75811627865585),34.75811627865585,-119.39756251039917
{0C68B279-0E3C-40BC-A080-1A7294901AF4},SCHOOL,CCO,2024.0,2024-05-02 07:00:00,2024-05-03 07:00:00,1.0,0–5 days (initial attack),1.0,1.0,14,1478.558,POINT (-119.32026553094622 35.03178308988282),35.03178308988282,-119.32026553094622
{B91DAC77-6D83-46FD-80E2-0F636C1EA2DF},BEAR,CDF,2024.0,2024-06-12 07:00:00,2024-06-14 07:00:00,2.0,0–5 days (initial attack),1.0,1.0,11,1403.642,POINT (-119.93009217275373 35.28679733739761),35.28679733739761,-119.93009217275373
{608340C7-D1AF-4B6E-9B1F-FB948B8DFBC2},HILL,CDF,2024.0,2024-05-28 07:00:00,2024-05-31 07:00:00,3.0,0–5 days (initial attack),2.0,1.0,2,1383.055,POINT (-119.57466049397793 34.87560283528453),34.87560283528453,-119.57466049397793
{722DAFB1-5C9F-4880-BDFC-446172F25B91},OLIVE WEST,CCO,2024.0,2024-07-03 07:00:00,2024-07-05 07:00:00,2.0,0–5 days (initial attack),1.0,1.0,14,1357.199,POINT (-119.90720839443706 35.59688342625054),35.59688342625054,-119.90720839443706
{4E01FAE7-D779-4BB2-8D9D-2784E3ED5326},AIRLINE,CDF,2024.0,2024-07-02 07:00:00,2024-07-05 07:00:00,3.0,0–5 days (initial attack),7.0,1.0,14,1295.254,POINT (-121.22902472952933 36.66998301323432),36.66998301323432,-121.22902472952933
{30F9F509-EA3D-4130-A783-0376FFA7E69D},RIM 3-6,CDF,2024.0,2024-07-13 07:00:00,2024-07-23 07:00:00,10.0,6–14 days (short duration),1.0,1.0,1,1262.497,POINT (-121.13780867035618 40.897944142305285),40.897944142305285,-121.13780867035618
{B93D4138-A0F5-4C15-9210-9D0077A61E2E},POINT,CDF,2024.0,2024-06-16 07:00:00,2024-06-17 07:00:00,1.0,0–5 days (initial attack),7.0,1.0,9,1207.01,POINT (-122.98143905561498 38.6939302947664),38.6939302947664,-122.98143905561498
{46E1AA92-32B9-4DB3-A057-22889EB5F074},HESPERIA,CDF,2024.0,2024-06-16 07:00:00,2024-06-19 07:00:00,3.0,0–5 days (initial attack),7.0,1.0,7,1130.459,POINT (-117.2778135513646 34.33224149278581),34.33224149278581,-117.2778135513646
{ED55F369-5823-434D-86D0-46FCBA297196},ROAD,CCO,2024.0,2024-06-05 07:00:00,2024-06-05 07:00:00,0.0,,1.0,1.0,14,1074.765,POINT (-119.49616257544253 35.097925219630454),35.097925219630454,-119.49616257544253
{B843ABA2-5998-4BFC-94ED-B8ACB5336B5C},JUNES,CDF,2024.0,2024-06-15 07:00:00,2024-06-18 07:00:00,3.0,0–5 days (initial attack),1.0,1.0,14,1060.483,POINT (-121.50376895755974 39.35740763034193),39.35740763034193,-121.50376895755974
{A0C05B93-FB0E-4CFF-8BE1-18CEAD80034A},METZ,CDF,2024.0,2024-07-23 07:00:00,2024-07-24 07:00:00,1.0,0–5 days (initial attack),7.0,1.0,2,1054.964,POINT (-121.1796037841392 36.329947117979906),36.329947117979906,-121.1796037841392
{8B735CBD-FEFB-44AD-A7CF-D536E0622367},DOVE,BLM,2024.0,2024-10-19 07:00:00,2024-10-26 07:00:00,7.0,6–14 days (short duration),7.0,1.0,9,954.2029,POINT (-118.13419981559754 35.455901074724615),35.455901074724615,-118.13419981559754
{202D79B6-33A9-400A-963C-7C8F7AF4A376},CLEAR,USF,2024.0,2024-06-26 07:00:00,2024-06-29 07:00:00,3.0,0–5 days (initial attack),7.0,1.0,14,909.145,POINT (-121.2267321665901 41.88486281478824),41.88486281478824,-121.2267321665901
{1b86b3d2-f0f1-4e8f-97e0-d5f5e14de8de},FRENCH,CDF,2024.0,2024-07-04 07:00:00,2024-07-13 07:00:00,9.0,6–14 days (short duration),2.0,1.0,2,908.0415,POINT (-119.97055161651095 37.50169410663255),37.50169410663255,-119.97055161651095
{174F8ABA-A099-4F89-B062-820EBE8247D3},CANAL,CDF,2024.0,2024-05-30 07:00:00,2024-05-31 07:00:00,1.0,0–5 days (initial attack),4.0,1.0,2,899.6971,POINT (-119.94357706281163 37.07579250487966),37.07579250487966,-119.94357706281163
{F3B3BA02-6800-4C90-8B2D-3E74389AA1A9},CODY,CCO,2024.0,2024-06-08 07:00:00,2024-06-09 07:00:00,1.0,0–5 days (initial attack),1.0,1.0,14,890.5767,POINT (-119.00961505168068 35.6443278815019),35.6443278815019,-119.00961505168068
{4E6A0676-B01A-462A-ADD3-BDD3DBD5DC80},LISA,CDF,2024.0,2024-06-16 07:00:00,2024-06-18 07:00:00,2.0,0–5 days (initial attack),3.0,1.0,2,889.624,POINT (-117.06307863874498 33.930608694482046),33.930608694482046,-117.06307863874498
{3A5A7247-CD4F-44FA-B427-56A2BA9919B9},GROVE 2,CDF,2024.0,2024-07-24 07:00:00,2024-07-29 07:00:00,5.0,0–5 days (initial attack),7.0,1.0,1,863.4775,POINT (-116.73523557011336 33.404474904233204),33.404474904233204,-116.73523557011336
{4364FBC5-CB9D-46F1-AA0A-EDF112A5BA1E},ROBLAR,USF,2024.0,2024-09-07 07:00:00,2024-09-12 07:00:00,5.0,0–5 days (initial attack),8.0,1.0,13,856.1542,POINT (-117.368911745068 33.40631274782359),33.40631274782359,-117.368911745068
{978C0D06-9889-441A-9C81-EC19804B2331},CREEK,CDF,2024.0,2024-07-26 07:00:00,2024-08-03 07:00:00,8.0,6–14 days (short duration),2.0,1.0,2,744.1025,POINT (-121.81169669025054 37.515480725705274),37.515480725705274,-121.81169669025054
{A5B94FBF-51C0-49AB-90A9-D2AF04094256},APACHE,CDF,2024.0,2024-06-24 07:00:00,2024-07-29 07:00:00,35.0,15–45 days (extended attack),7.0,1.0,5,695.3708,POINT (-121.49412178204378 39.42701873998834),39.42701873998834,-121.49412178204378
{331011BB-B47A-4C0F-8572-9D7C3A848430},HERNANDEZ,CDF,2024.0,2024-06-15 07:00:00,2024-06-21 07:00:00,6.0,6–14 days (short duration),2.0,1.0,14,642.2083,POINT (-120.97013514703265 36.395563768525605),36.395563768525605,-120.97013514703265
,RANCH,CCO,2024.0,2024-06-01 07:00:00,2024-06-02 07:00:00,1.0,0–5 days (initial attack),1.0,1.0,14,616.9343,POINT (-118.8214050032477 35.450798218866616),35.450798218866616,-118.8214050032477
{4A2BFD6B-ADC5-4F2F-82DA-A3384CB91242},TULEDAD,BLM,2024.0,2024-10-06 07:00:00,2024-10-09 07:00:00,3.0,0–5 days (initial attack),7.0,1.0,10,563.8792,POINT (-120.12296036223015 40.88535573736266),40.88535573736266,-120.12296036223015
{5E8217D4-F6D8-4FCC-B49C-AB913891A8B6},WATER,CCO,2024.0,2024-06-21 07:00:00,2024-06-22 07:00:00,1.0,0–5 days (initial attack),1.0,1.0,14,542.5854,POINT (-119.96757145185592 35.60152429872328),35.60152429872328,-119.96757145185592
{B7A5C7AB-224F-4727-A01D-854E4E3AB0AA},VALLEY,USF,2024.0,2024-05-21 07:00:00,2024-05-29 07:00:00,8.0,6–14 days (short duration),6.0,1.0,9,536.6061,POINT (-120.33217477824009 41.218995673187194),41.218995673187194,-120.33217477824009
,SKY,CCO,2024.0,2024-06-19 07:00:00,2024-06-20 07:00:00,1.0,0–5 days (initial attack),1.0,1.0,14,526.3655,POINT (-119.47116999942777 35.31761465406047),35.31761465406047,-119.47116999942777
{678DD6A8-E627-4FCF-A075-7A7F6CE471BF},CAMPBELL,CDF,2024.0,2024-10-28 07:00:00,2024-10-28 07:00:00,0.0,,1.0,1.0,5,523.3388,POINT (-118.8761116358706 36.20857464168825),36.20857464168825,-118.8761116358706
{66CE9256-8F45-4750-91D8-594062DD636F},RECORD,CDF,2024.0,2024-09-01 07:00:00,2024-09-05 07:00:00,4.0,0–5 days (initial attack),7.0,1.0,7,517.0266,POINT (-116.93619995130673 33.81829974493925),33.81829974493925,-116.93619995130673
{97664A68-17A0-4415-80C0-2273C5B9BDA4},DORADO,CDF,2024.0,2024-09-05 07:00:00,2024-09-07 07:00:00,2.0,0–5 days (initial attack),1.0,1.0,7,512.1791,POINT (-120.23993053398056 36.149013750407825),36.149013750407825,-120.23993053398056
{B9E0F397-DE63-4B90-B5DA-9D04A7D2381B},YORK,NPS,2023.0,2023-07-28 07:00:00,2023-08-20 07:00:00,23.0,15–45 days (extended attack),7.0,1.0,14,93077.87,POINT (-115.20572833729574 35.30339913811543),35.30339913811543,-115.20572833729574
{531B9F1B-1B36-4B91-8E63-2AADA4881DEB},KELLY,USF,2023.0,2023-08-15 07:00:00,2023-11-14 08:00:00,91.0,46–95 days (long duration),7.0,1.0,14,89326.05,POINT (-123.85151534311711 41.908658765334636),41.908658765334636,-123.85151534311711
{C6CFF715-78DB-4D64-A750-9DB12A048A36},MOSQUITO,USF,2023.0,2023-08-15 07:00:00,2023-10-25 07:00:00,71.0,46–95 days (long duration),7.0,1.0,1,34188.45,POINT (-123.66830943690768 41.4783396440773),41.4783396440773,-123.66830943690768
{A96DE9BC-0095-43DC-B3E4-81489E63841F},ELLIOT,USF,2023.0,2023-08-15 07:00:00,2023-10-23 07:00:00,69.0,46–95 days (long duration),3.0,1.0,1,13875.25,POINT (-123.52355734472022 41.61974651006835),41.61974651006835,-123.52355734472022
{F40CFFB2-4238-4FED-A04A-5224984C82E5},PEARCH,USF,2023.0,2023-08-17 07:00:00,2023-10-25 07:00:00,69.0,46–95 days (long duration),7.0,1.0,1,12152.45,POINT (-123.46689608106671 41.33117898723156),41.33117898723156,-123.46689608106671
{BCB807DC-5A09-47F2-8C05-F386A6AC803A},QUARRY,USF,2023.0,2023-09-09 07:00:00,2023-11-08 08:00:00,60.0,46–95 days (long duration),7.0,1.0,14,8645.426,POINT (-119.93535127185419 38.08082540536563),38.08082540536563,-119.93535127185419
{04F24B12-E13F-4C7E-80AF-C8AA1A4C8FAB},RABBIT,CDF,2023.0,2023-07-14 07:00:00,2023-07-23 07:00:00,9.0,6–14 days (short duration),1.0,1.0,10,8354.776,POINT (-117.02134047076704 33.89147069196111),33.89147069196111,-117.02134047076704
{7B4B2AE1-444D-4E86-B4F8-170D81D16D10},UFISH,USF,2023.0,2023-08-16 07:00:00,2023-09-28 07:00:00,43.0,15–45 days (extended attack),3.0,1.0,1,7850.58,POINT (-123.40770332475631 41.70128228142019),41.70128228142019,-123.40770332475631
{22C55899-C613-43FD-9ED3-5830DECD9073},HEAD,USF,2023.0,2023-08-15 07:00:00,2023-09-07 07:00:00,23.0,15–45 days (extended attack),2.0,1.0,1,6953.805,POINT (-123.02082063376405 41.771456873260746),41.771456873260746,-123.02082063376405
{B31604C4-AC56-47F4-85A8-222B39107AC5},PLANT,CCO,2023.0,2023-08-19 07:00:00,2023-08-31 07:00:00,12.0,6–14 days (short duration),3.0,1.0,11,5761.521,POINT (-119.7878558183092 34.93236327223949),34.93236327223949,-119.7878558183092
{8BF47465-2934-439A-B5D2-36047256714F},ALMOND,CCO,2023.0,2023-08-06 07:00:00,2023-08-07 07:00:00,1.0,0–5 days (initial attack),1.0,1.0,14,5228.871,POINT (-119.84324046035222 35.55968537943526),35.55968537943526,-119.84324046035222
{A6ABF2C6-4C3E-4949-AD08-4080ACCC1DAE},DEEP,USF,2023.0,2023-08-15 07:00:00,2023-10-03 07:00:00,49.0,46–95 days (long duration),7.0,1.0,14,4198.194,POINT (-122.92975805079008 40.91834001218729),40.91834001218729,-122.92975805079008
{688F9DFA-1A20-4810-87DC-7C5B635522C0},RABBIT,USF,2023.0,2023-09-30 07:00:00,2023-10-30 07:00:00,30.0,15–45 days (extended attack),2.0,1.0,14,2857.988,POINT (-118.87151934261455 36.724976091336096),36.724976091336096,-118.87151934261455
{139F46D2-FD28-441A-A53F-E30A5F11454A},3-9,USF,2023.0,2023-08-16 07:00:00,2023-11-02 07:00:00,78.0,46–95 days (long duration),7.0,1.0,14,2836.39,POINT (-123.57664005739353 40.627449508853324),40.627449508853324,-123.57664005739353
{4836B1E0-E9E7-4B89-8DFC-1D1029F53B72},SOUTH,CCO,2023.0,2023-12-09 08:00:00,2023-12-12 08:00:00,3.0,0–5 days (initial attack),3.0,1.0,14,2715.4,POINT (-119.07594744984398 34.303745305673424),34.303745305673424,-119.07594744984398
{224804E2-996A-4EBC-A200-ABD6A13BFF81},HURDY GURDY,USF,2023.0,2023-08-15 07:00:00,2023-11-14 08:00:00,91.0,46–95 days (long duration),7.0,1.0,14,2677.779,POINT (-123.76010421591091 41.79942565535312),41.79942565535312,-123.76010421591091
{A81913DF-822A-4ADB-A61F-A3B07B21FFB4},HIGHLAND,CDF,2023.0,2023-10-30 07:00:00,2023-11-08 08:00:00,9.0,6–14 days (short duration),7.0,1.0,9,2487.0,POINT (-116.85595065154637 33.45447086228401),33.45447086228401,-116.85595065154637
{BD1CCE01-5E88-4ED7-A146-5FBBC6524C8F},BONNY,CDF,2023.0,2023-07-26 07:00:00,2023-08-07 07:00:00,12.0,6–14 days (short duration),1.0,1.0,14,2323.106,POINT (-116.68318149875032 33.46740683329613),33.46740683329613,-116.68318149875032
{405281C7-2B67-43C1-8F7A-F907AE53D92E},REDWOOD,NPS,2023.0,2023-08-15 07:00:00,2023-12-14 08:00:00,121.0,95+ days (campaign fire),7.0,2.0,1,2248.449,POINT (-118.62753794713828 36.522815609326685),36.522815609326685,-118.62753794713828
{C6D9B9CB-9C77-4C8E-BA70-1E19114A7108},MARLOW,USF,2023.0,2023-08-15 07:00:00,2023-10-03 07:00:00,49.0,46–95 days (long duration),3.0,1.0,1,1997.206,POINT (-123.73825913371181 41.55846792703306),41.55846792703306,-123.73825913371181
{E9353CA9-2BDC-4B36-8A3B-CD488DF69E12},SCOTT,USF,2023.0,2023-08-15 07:00:00,2023-09-04 07:00:00,20.0,15–45 days (extended attack),7.0,1.0,1,1935.952,POINT (-123.09295386445177 41.666748743726245),41.666748743726245,-123.09295386445177
{71F3BE9B-494A-444D-A8AE-C092A852ED04},HANCOCK,USF,2023.0,2023-08-21 07:00:00,2023-09-25 07:00:00,35.0,15–45 days (extended attack),7.0,1.0,1,1728.136,POINT (-123.28544724220482 41.44776160091895),41.44776160091895,-123.28544724220482
{D91D2FCB-C4C4-4015-A7AC-15B5B7071716},LONE PINE,USF,2023.0,2023-08-15 07:00:00,2023-09-15 07:00:00,31.0,15–45 days (extended attack),3.0,1.0,1,1684.73,POINT (-123.62195560307414 41.016130726097025),41.016130726097025,-123.62195560307414
{E3496E18-73E9-4C83-BA88-2A0805CC469E},EAST,CCO,2023.0,2023-08-01 07:00:00,2023-08-01 07:00:00,0.0,,1.0,1.0,14,1291.166,POINT (-118.8744708294832 35.49251935571992),35.49251935571992,-118.8744708294832
{475B8E60-76A9-485C-BAAC-702AB4028730},BONE,USF,2023.0,2023-06-16 07:00:00,2023-07-18 07:00:00,32.0,15–45 days (extended attack),5.0,1.0,14,1180.618,POINT (-119.9295820836675 38.04653192341036),38.04653192341036,-119.9295820836675
{DACBB7FE-2E2D-42FF-8D7B-A952F0CCACAF},NONAME,BLM,2023.0,2023-08-05 07:00:00,2023-08-08 07:00:00,3.0,0–5 days (initial attack),2.0,1.0,14,1113.898,POINT (-117.9349032862466 35.773458485432776),35.773458485432776,-117.9349032862466
{0F0D0088-B58E-4ABE-BB1D-24FA874DD8FB},CORRAL,USF,2023.0,2023-08-15 07:00:00,2023-11-14 08:00:00,91.0,46–95 days (long duration),7.0,1.0,14,1090.281,POINT (-124.00435730972045 41.94030931949948),41.94030931949948,-124.00435730972045
{E93486B0-39D5-4B9E-B3D6-5E951D66A141},PILOT,CDF,2023.0,2023-08-15 07:00:00,2023-09-02 07:00:00,18.0,15–45 days (extended attack),2.0,1.0,1,1055.172,POINT (-123.67005356699049 40.67239789612631),40.67239789612631,-123.67005356699049
{EA00B1B4-5871-4C87-AB80-9B68D5098CD0},DISTRICT,CCO,2023.0,2023-07-07 07:00:00,2023-07-12 07:00:00,5.0,0–5 days (initial attack),2.0,1.0,14,1043.665,POINT (-118.89999900063003 34.890260970672834),34.890260970672834,-118.89999900063003
{D7FDF4ED-E454-4CC5-BAC9-DB6B2046AF8E},GEOLOGY,NPS,2023.0,2023-06-10 07:00:00,2023-06-18 07:00:00,8.0,6–14 days (short duration),3.0,,10,1033.308,POINT (-116.04543166837324 33.90551449870594),33.90551449870594,-116.04543166837324
{7FE57EDC-93C7-47C1-BAE2-F902D1954569},PIKA,NPS,2023.0,2023-06-29 07:00:00,2023-08-15 07:00:00,47.0,46–95 days (long duration),3.0,2.0,1,841.0,POINT (-119.56300771430911 37.772661243260565),37.772661243260565,-119.56300771430911
{3284A781-DB05-4C68-BC34-863573CAAF5A},PEAK,USF,2023.0,2023-09-11 07:00:00,2023-11-16 08:00:00,66.0,46–95 days (long duration),6.0,1.0,14,836.8499,POINT (-119.91347082420793 38.22980747672383),38.22980747672383,-119.91347082420793
{7522EB1D-5199-4031-9408-85EAAF4B166E},RANCH,CDF,2023.0,2023-08-15 07:00:00,2023-08-28 07:00:00,13.0,6–14 days (short duration),7.0,1.0,1,792.9697,POINT (-121.51224048445431 41.24657017278718),41.24657017278718,-121.51224048445431
{7625C990-74F8-4D67-AE6A-604064972AA9},LOST,NPS,2023.0,2023-08-15 07:00:00,2023-09-11 07:00:00,27.0,15–45 days (extended attack),7.0,1.0,1,739.8182,POINT (-123.97096922412138 41.31182982246897),41.31182982246897,-123.97096922412138
{5DBB1F90-362D-4EAC-BED4-7B0B16D17FAD},BITTER,CDF,2023.0,2023-08-15 07:00:00,2023-08-16 07:00:00,1.0,0–5 days (initial attack),1.0,1.0,10,695.1143,POINT (-120.07668647373866 35.46347721182617),35.46347721182617,-120.07668647373866
{816563E9-AE8A-41CE-9A6E-21D38AC43D32},PRESCOTT,USF,2023.0,2023-08-15 07:00:00,2023-11-14 08:00:00,91.0,46–95 days (long duration),7.0,1.0,14,599.3448,POINT (-123.68944230492662 41.72752660003046),41.72752660003046,-123.68944230492662
{92EBA8D8-A7B1-4BA0-B3B9-505B46B912DF},DIAMOND,USF,2023.0,2023-08-15 07:00:00,2023-11-14 08:00:00,91.0,46–95 days (long duration),7.0,1.0,14,550.0559,POINT (-123.96341341842783 41.9406791696505),41.9406791696505,-123.96341341842783
{B4242042-2EFE-435F-A36A-6B59D7A2024A},ROUND,CCO,2023.0,2023-07-03 07:00:00,2023-07-03 07:00:00,0.0,,1.0,1.0,14,536.0197,POINT (-118.96428020894292 35.62025955490013),35.62025955490013,-118.96428020894292
{CC12CC5A-906C-47FD-9F49-4F0BC4638BEF},ROCK,CDF,2023.0,2023-08-09 07:00:00,2023-08-10 07:00:00,1.0,0–5 days (initial attack),1.0,1.0,14,531.0221,POINT (-117.1322272030041 33.87807391310862),33.87807391310862,-117.1322272030041
{44773D0C-F5B6-4413-BAE1-4C929BF9E912},MOSQUITO,USF,2022.0,2022-09-07 07:00:00,2022-10-22 07:00:00,45.0,15–45 days (extended attack),3.0,1.0,9,76771.45,POINT (-120.67538873964286 39.02225624041545),39.02225624041545,-120.67538873964286
{4630026A-7802-477E-9133-E094C32E8D8C},MCKINNEY,USF,2022.0,2022-07-29 07:00:00,2022-11-11 08:00:00,105.0,95+ days (campaign fire),3.0,1.0,14,60102.26,POINT (-122.84118640778027 41.81364210774954),41.81364210774954,-122.84118640778027
{63341D1A-DA35-4F72-9207-43688381FBA4},CAMPBELL,USF,2022.0,2022-08-05 07:00:00,2022-09-09 07:00:00,35.0,15–45 days (extended attack),3.0,1.0,14,30132.85,POINT (-123.55317445536281 40.948067498203194),40.948067498203194,-123.55317445536281
{A4DEF98D-98F0-46AC-A17B-9F7AD6116CE3},FAIRVIEW,CDF,2022.0,2022-09-06 07:00:00,2022-09-30 07:00:00,24.0,15–45 days (extended attack),1.0,1.0,14,28097.87,POINT (-116.85655699021844 33.67118291207367),33.67118291207367,-116.85655699021844
{09A76C17-511F-40B6-A006-8531DF0C33AC},OAK,CDF,2022.0,2022-07-22 07:00:00,2022-08-10 07:00:00,19.0,15–45 days (extended attack),3.0,1.0,14,18957.5,POINT (-119.86680811917488 37.54183183004852),37.54183183004852,-119.86680811917488
{EE462846-A630-4A0A-B273-B2D4D9F3D208},MOUNTAIN,CDF,2022.0,2022-09-02 07:00:00,2022-10-02 07:00:00,30.0,15–45 days (extended attack),7.0,1.0,14,13440.71,POINT (-122.66028032330678 41.46159618146051),41.46159618146051,-122.66028032330678
{C403F1AF-8762-41CE-A75E-5A4508B122E2},AMMON,USF,2022.0,2022-08-05 07:00:00,2022-09-06 07:00:00,32.0,15–45 days (extended attack),3.0,1.0,14,11464.9,POINT (-123.64819688679559 40.83322059965289),40.83322059965289,-123.64819688679559
{1E643C3B-3BE4-4669-892B-CF82B46FA820},RED,NPS,2022.0,2022-08-04 07:00:00,2022-11-06 07:00:00,94.0,46–95 days (long duration),3.0,2.0,1,8432.419,POINT (-119.48473169542669 37.66564569942412),37.66564569942412,-119.48473169542669
{CBF463F1-943D-43FC-A4E5-D50647817B6F},YETI,USF,2022.0,2022-07-30 07:00:00,2022-09-03 07:00:00,35.0,15–45 days (extended attack),3.0,1.0,14,7886.011,POINT (-123.26878881304282 41.84075452571683),41.84075452571683,-123.26878881304282
{6982B546-8980-4FF2-B71B-A6D54A74689E},LOST LAKE,BIA,2022.0,2022-05-26 07:00:00,2022-06-05 07:00:00,10.0,6–14 days (short duration),7.0,,14,5856.573,POINT (-114.46580728521543 34.0182511083022),34.0182511083022,-114.46580728521543
{0AA067F2-E9B8-426B-BBDE-F9DC2A00A95F},BARNES,USF,2022.0,2022-09-07 07:00:00,2022-11-01 07:00:00,55.0,46–95 days (long duration),7.0,1.0,1,5840.575,POINT (-120.26536760796677 41.87078806992406),41.87078806992406,-120.26536760796677
{E27C88E9-90B0-4557-8DB3-3ED1232D95A0},ROUTE,CCO,2022.0,2022-08-31 07:00:00,2022-09-07 07:00:00,7.0,6–14 days (short duration),7.0,1.0,14,5227.923,POINT (-118.6440581496992 34.545428150283854),34.545428150283854,-118.6440581496992
{F8770EE9-DD20-421D-B4BB-637EA51F028A},WASHBURN,NPS,2022.0,2022-07-07 07:00:00,2022-09-30 07:00:00,85.0,46–95 days (long duration),3.0,1.0,7,4886.124,POINT (-119.5850762636832 37.523871329972835),37.523871329972835,-119.5850762636832
{984CC819-3E50-4361-9028-C04AC66C5230},ELECTRA,CDF,2022.0,2022-07-04 07:00:00,2022-07-28 07:00:00,24.0,15–45 days (extended attack),1.0,1.0,14,4466.222,POINT (-120.65189112889263 38.33805107578814),38.33805107578814,-120.65189112889263
{0ED8C05A-7613-4BDD-8AF2-FD9A98F97ADA},BORDER 32,CDF,2022.0,2022-08-31 07:00:00,2022-09-05 07:00:00,5.0,0–5 days (initial attack),3.0,1.0,14,4456.34,POINT (-116.66508772062082 32.60894550558793),32.60894550558793,-116.66508772062082
{7AFEDAC3-F210-4FFC-8F27-99560E4BADF6},AIRPORT,CDF,2022.0,2022-02-16 08:00:00,2022-02-26 08:00:00,10.0,6–14 days (short duration),3.0,1.0,14,4140.06,POINT (-118.30819640805326 37.276482825421404),37.276482825421404,-118.30819640805326
{DE35B33D-13C4-409B-8D7C-62B3AAB78550},MILL,CDF,2022.0,2022-09-02 07:00:00,2022-09-11 07:00:00,9.0,6–14 days (short duration),7.0,1.0,14,3939.382,POINT (-122.39226936473509 41.478144930448025),41.478144930448025,-122.39226936473509
{99B90DBC-6F1A-4494-B5C6-9CFDF335492A},RODGERS,NPS,2022.0,2022-08-08 07:00:00,2022-11-06 07:00:00,90.0,46–95 days (long duration),3.0,2.0,1,2839.684,POINT (-119.52590701508682 37.959412703277394),37.959412703277394,-119.52590701508682
{BEE8A0A3-0C2B-4E2B-B073-77C39EC9FA9C},THUNDER,CCO,2022.0,2022-06-22 07:00:00,2022-07-03 07:00:00,11.0,6–14 days (short duration),1.0,1.0,1,2465.185,POINT (-118.89660091094625 34.92418832847016),34.92418832847016,-118.89660091094625
{F3705FA2-72E3-4E2A-BBE0-EA04D37FAE54},SUMMIT,NPS,2022.0,2022-08-03 07:00:00,2022-10-19 07:00:00,77.0,46–95 days (long duration),7.0,2.0,1,1394.44,POINT (-118.64558556490579 36.32606889481877),36.32606889481877,-118.64558556490579
{E759843C-DE2F-4B80-B76B-D8E8C43FCB00},RADFORD ,USF,2022.0,2022-09-05 07:00:00,2022-11-09 08:00:00,65.0,46–95 days (long duration),7.0,1.0,9,1079.279,POINT (-116.88379007142107 34.21287343333201),34.21287343333201,-116.88379007142107
{B5D8929C-9C4A-4DE6-A4DC-C9C69A412C35},RICES,CDF,2022.0,2022-06-28 07:00:00,2022-07-13 07:00:00,15.0,15–45 days (extended attack),1.0,1.0,15,920.9178,POINT (-121.17993534240182 39.32354216674529),39.32354216674529,-121.17993534240182
{ADA7FE96-1CC0-4FBB-ADB5-138D07B676C0},SHEEP,USF,2022.0,2022-06-12 07:00:00,2022-06-19 07:00:00,7.0,6–14 days (short duration),7.0,1.0,14,865.1371,POINT (-117.61146797300346 34.366782177224415),34.366782177224415,-117.61146797300346
{E0E3B572-6D04-49D6-AAD2-E284F35F463C},FORK,CDF,2022.0,2022-09-07 07:00:00,2022-09-13 07:00:00,6.0,6–14 days (short duration),3.0,1.0,10,818.4309,POINT (-119.492875419571 37.21438640967867),37.21438640967867,-119.492875419571
{AB4FCB89-2F15-4E68-A215-206FD00FD4F1},COLORADO,CDF,2022.0,2022-01-21 08:00:00,2022-02-02 08:00:00,12.0,6–14 days (short duration),1.0,1.0,5,687.4208,POINT (-121.89211750640496 36.384958668258996),36.384958668258996,-121.89211750640496
{1DD71020-2935-4155-83F2-BED1206C27D0},EDMONSTON,CCO,2022.0,2022-05-19 07:00:00,2022-05-24 07:00:00,5.0,0–5 days (initial attack),1.0,1.0,14,682.0379,POINT (-118.84642195643795 34.924609548560426),34.924609548560426,-118.84642195643795
{055F1E57-2DFF-4452-B0AB-71B1E553F1C3},RANCHO,CDF,2022.0,2022-06-13 07:00:00,2022-06-19 07:00:00,6.0,6–14 days (short duration),1.0,1.0,14,589.8671,POINT (-122.45693126611933 39.991242066260995),39.991242066260995,-122.45693126611933
{78AD5955-B579-4F53-86BB-ADB88138D81F},BORDER 13,CDF,2022.0,2022-06-13 07:00:00,2022-06-17 07:00:00,4.0,0–5 days (initial attack),7.0,1.0,7,568.2128,POINT (-116.70418109189005 32.580194711681045),32.580194711681045,-116.70418109189005
{D532043A-0EC6-4DD5-A7CB-805CDA111B1D},JIM,USF,2022.0,2022-03-02 08:00:00,2022-03-27 07:00:00,24.0,15–45 days (extended attack),7.0,1.0,14,552.538,POINT (-117.5145655209856 33.70402144285161),33.70402144285161,-117.5145655209856
{04824D84-B936-4E75-AF75-4B11BFDD01C3},TESLA,CDF,2022.0,2022-06-23 07:00:00,2022-06-23 07:00:00,0.0,,1.0,1.0,10,551.7821,POINT (-121.60904337764165 37.644664099597215),37.644664099597215,-121.60904337764165
{E9DB628D-DFB7-4C85-BCD6-1254574D946B},DIXIE,CDF,2021.0,2021-07-14 07:00:00,2021-10-25 07:00:00,103.0,95+ days (campaign fire),7.0,1.0,11,963405.4,POINT (-121.05022741565588 40.21160525409686),40.21160525409686,-121.05022741565588
{9CF3A69A-A888-4BCD-AA7A-703D75D47E78},MONUMENT,USF,2021.0,2021-07-31 07:00:00,2021-11-03 07:00:00,95.0,46–95 days (long duration),7.0,1.0,1,223107.9,POINT (-123.25428273845668 40.732664663462806),40.732664663462806,-123.25428273845668
{E6C053C8-A346-43FB-9C29-632BC7536717},CALDOR,USF,2021.0,2021-08-15 07:00:00,2021-11-18 08:00:00,95.0,46–95 days (long duration),7.0,1.0,14,221786.4,POINT (-120.30968937091785 38.706034993901966),38.706034993901966,-120.30968937091785
{0B29DF1A-7790-44CB-B735-ABDEAE0615CC},RIVER COMPLEX,USF,2021.0,2021-07-31 07:00:00,2021-10-25 07:00:00,86.0,46–95 days (long duration),7.0,1.0,1,199354.1,POINT (-122.98680358098706 41.11980719473927),41.11980719473927,-122.98680358098706
{4098977E-B34D-40C3-8F34-2B913217503A},ANTELOPE,USF,2021.0,2021-08-01 07:00:00,2022-01-03 08:00:00,155.0,95+ days (campaign fire),7.0,1.0,1,145631.8,POINT (-121.76787391143763 41.62397083933744),41.62397083933744,-121.76787391143763
{938686BB-0F52-47B2-B077-EB307941D939},MCFARLAND,USF,2021.0,2021-07-30 07:00:00,2021-10-26 07:00:00,88.0,46–95 days (long duration),3.0,1.0,1,122447.7,POINT (-122.90388511596751 40.27279805949309),40.27279805949309,-122.90388511596751
{33088F36-F802-4500-86A4-82DA6A62425F},SUGAR,USF,2021.0,2021-07-02 07:00:00,2021-10-28 07:00:00,118.0,95+ days (campaign fire),7.0,1.0,14,105003.9,POINT (-120.17932232964316 39.93586977334146),39.93586977334146,-120.17932232964316
{ACD5C207-BB83-4419-977D-3F64778081A3},WINDY,BIA,2021.0,2021-09-10 07:00:00,2021-11-11 08:00:00,62.0,46–95 days (long duration),7.0,1.0,1,97528.27,POINT (-118.600680196486 35.980757193485346),35.980757193485346,-118.600680196486
{D294B9CA-4CE7-46C5-874B-E12EBE925E1F},MCCASH,USF,2021.0,2021-08-01 07:00:00,2021-10-27 07:00:00,87.0,46–95 days (long duration),7.0,1.0,1,94970.47,POINT (-123.3557452703339 41.56249196623068),41.56249196623068,-123.3557452703339
{499D6545-2A19-458A-8C7C-554932C6B86E},KNP Complex,NPS,2021.0,2021-09-10 07:00:00,2021-12-16 08:00:00,97.0,95+ days (campaign fire),7.0,1.0,1,88257.13,POINT (-118.81640174240214 36.5728471611416),36.5728471611416,-118.81640174240214
{B30866D5-FE66-4103-9B00-07ABE902A13F},TAMARACK,USF,2021.0,2021-07-04 07:00:00,2021-10-26 07:00:00,114.0,95+ days (campaign fire),7.0,1.0,1,67054.51,POINT (-119.73168798801943 38.71763667070951),38.71763667070951,-119.73168798801943
{7E9BE942-1E0A-4350-9650-F71A3D17EB10},FRENCH,BLM,2021.0,2021-08-18 07:00:00,2021-10-19 07:00:00,62.0,46–95 days (long duration),7.0,1.0,14,26535.06,POINT (-118.56572434221134 35.693098905729414),35.693098905729414,-118.56572434221134
{A7F01FAF-7092-49EF-9D1E-154FBCA30808},LAVA,USF,2021.0,2021-06-25 07:00:00,2021-10-26 07:00:00,123.0,95+ days (campaign fire),7.0,1.0,1,26328.9,POINT (-122.28128722920441 41.480111490744065),41.480111490744065,-122.28128722920441
{B6304F5D-0658-49A8-BE97-64D4B17E7833},ALISAL,USF,2021.0,2021-10-11 07:00:00,2021-12-01 08:00:00,51.0,46–95 days (long duration),7.0,1.0,1,16953.24,POINT (-120.10269911442988 34.493942515983406),34.493942515983406,-120.10269911442988
{403B847B-B915-478A-87F0-1D8013C54B18},SALT,USF,2021.0,2021-06-30 07:00:00,2021-10-26 07:00:00,118.0,95+ days (campaign fire),4.0,1.0,2,12599.14,POINT (-122.35889832994694 40.91094704477168),40.91094704477168,-122.35889832994694
{5C2D3644-5266-4028-A593-F66AA0791D54},TENNANT,USF,2021.0,2021-06-28 07:00:00,2022-01-03 08:00:00,189.0,95+ days (campaign fire),3.0,1.0,14,10591.03,POINT (-122.04278574384743 41.717349639628544),41.717349639628544,-122.04278574384743
{D3A00541-DBCB-4519-8B77-B9B4DFEDDD0B},RIVER,CDF,2021.0,2021-07-11 07:00:00,2021-07-19 07:00:00,8.0,6–14 days (short duration),8.0,1.0,14,9655.188,POINT (-119.83052838769726 37.33134547875346),37.33134547875346,-119.83052838769726
{751BAEA9-D0BC-43AF-AE3E-34CBFB059110},WALKERS,USF,2021.0,2021-08-15 07:00:00,2021-12-08 08:00:00,115.0,95+ days (campaign fire),7.0,1.0,1,8778.784,POINT (-118.54691649835776 36.30774786383653),36.30774786383653,-118.54691649835776
{0EC52428-9E20-46D4-B4C8-AFCD50F9DDA2},FAWN,CDF,2021.0,2021-09-22 07:00:00,2021-09-29 07:00:00,7.0,6–14 days (short duration),3.0,1.0,7,8576.493,POINT (-122.28504002112277 40.7194779799095),40.7194779799095,-122.28504002112277
{4F0C331F-A20F-4949-8CBE-4F2717DD02DA},SOUTHERN,CDF,2021.0,2021-05-02 07:00:00,2022-05-06 07:00:00,369.0,,7.0,1.0,2,5365.902,POINT (-116.46603449317462 32.98152898327764),32.98152898327764,-116.46603449317462
{2D98ADAA-65B2-4E85-BDF5-FED3B385269D},DEXTER,USF,2021.0,2021-07-12 07:00:00,2021-11-01 07:00:00,112.0,95+ days (campaign fire),7.0,1.0,1,2967.832,POINT (-118.86885656415876 37.809834191428145),37.809834191428145,-118.86885656415876
{4663977B-C875-4CC9-B8A6-9724F584B598},WILLOW,USF,2021.0,2021-06-17 07:00:00,2021-07-12 07:00:00,25.0,15–45 days (extended attack),7.0,1.0,9,2877.869,POINT (-121.54599039124848 36.20766598717554),36.20766598717554,-121.54599039124848
{CD496AEC-A7E7-4F99-A9B2-C7501A1C0A2D},RIVER,CDF,2021.0,2021-08-04 07:00:00,2021-08-13 07:00:00,9.0,6–14 days (short duration),7.0,1.0,14,2618.794,POINT (-120.98016575318219 39.11582409080634),39.11582409080634,-120.98016575318219
{7403EA1B-4848-40F6-9EAD-958679EC2A7A},MOJAVE,NPS,2021.0,2021-06-17 07:00:00,2021-06-25 07:00:00,8.0,6–14 days (short duration),1.0,1.0,1,2490.498,POINT (-115.75820580821818 35.362888038265254),35.362888038265254,-115.75820580821818
{A722E0FB-C96C-40F8-A762-C6C8B7CF8966},KNOB,USF,2021.0,2021-08-29 07:00:00,2021-10-20 07:00:00,52.0,46–95 days (long duration),7.0,1.0,14,2421.245,POINT (-123.62794007458638 40.9045912245692),40.9045912245692,-123.62794007458638
{BC9AFF27-7865-4592-B930-EC465BBC88CB},TILTILL,NPS,2021.0,2021-07-31 07:00:00,2021-08-15 07:00:00,15.0,15–45 days (extended attack),7.0,2.0,1,2348.53,POINT (-119.70066332989377 37.995493207366245),37.995493207366245,-119.70066332989377
{8AA7C284-8414-4FB2-B720-562A4C25EBA1},PEAK,BLM,2021.0,2021-07-20 07:00:00,2021-07-31 07:00:00,11.0,6–14 days (short duration),7.0,1.0,14,2096.645,POINT (-118.40579843834568 35.42099683161385),35.42099683161385,-118.40579843834568
,SHELL,CCO,2021.0,2021-06-27 07:00:00,2021-07-02 07:00:00,5.0,0–5 days (initial attack),1.0,1.0,14,1828.035,POINT (-118.90862792016213 34.901316561718396),34.901316561718396,-118.90862792016213
{4AD24859-CB08-47E7-86EC-A4CF71191E75},CHAPARRAL,USF,2021.0,2021-08-28 07:00:00,2021-09-09 07:00:00,12.0,6–14 days (short duration),3.0,1.0,9,1427.293,POINT (-117.38328885761783 33.49160299164578),33.49160299164578,-117.38328885761783
{5772D343-40DD-45A9-8F88-7ABDD560A165},OWENS,BLM,2021.0,2021-05-01 07:00:00,2021-05-01 07:00:00,0.0,,4.0,1.0,9,1390.015,POINT (-117.90932234311154 35.70060809683374),35.70060809683374,-117.90932234311154
{CBB8FC48-32C9-4523-9EE0-347E4D02EB29},NETTLE ,BIA,2021.0,2021-06-18 07:00:00,2021-07-16 07:00:00,28.0,15–45 days (extended attack),3.0,1.0,14,1265.746,POINT (-118.76296044200775 36.00451738598612),36.00451738598612,-118.76296044200775
,PALISADES,LRA,2021.0,2021-05-15 07:00:00,2021-05-21 07:00:00,6.0,6–14 days (short duration),1.0,1.0,14,1202.648,POINT (-118.56941814220113 34.0964872469812),34.0964872469812,-118.56941814220113
,EAST FORK,USF,2021.0,2021-07-01 07:00:00,2021-07-11 07:00:00,10.0,6–14 days (short duration),3.0,1.0,1,1135.744,POINT (-119.73540831811692 38.7655069078479),38.7655069078479,-119.73540831811692
{9654075F-593F-465C-90DC-78F372FBA135},SARGENT,CDF,2021.0,2021-05-30 07:00:00,2021-05-31 07:00:00,1.0,0–5 days (initial attack),7.0,1.0,5,1117.899,POINT (-120.77080686012035 36.00894221829872),36.00894221829872,-120.77080686012035
{3C190854-1E3D-4D2A-9CA7-85CBD03DF944},SIERRA,DOD,2021.0,2021-06-09 07:00:00,2021-06-11 07:00:00,2.0,0–5 days (initial attack),7.0,1.0,14,968.2691,POINT (-117.35362626968184 33.322855331768146),33.322855331768146,-117.35362626968184
{7C9AC1EE-C688-472D-9705-FE4178D3DE5C},INTANKO,CDF,2021.0,2021-06-08 07:00:00,2021-06-16 07:00:00,8.0,6–14 days (short duration),1.0,1.0,14,938.9399,POINT (-121.32340567218058 39.101085366251944),39.101085366251944,-121.32340567218058
{2449539E-6332-41D9-BAB7-DDFD690DC810},LUKENS,NPS,2021.0,2021-07-01 07:00:00,2021-08-19 07:00:00,49.0,46–95 days (long duration),7.0,2.0,1,918.1719,POINT (-119.63306495131773 37.85997676683607),37.85997676683607,-119.63306495131773
{94CC574A-B0B6-422B-B399-6431FC4FC5A1},JUNIPER,USF,2021.0,2021-07-05 07:00:00,2021-07-21 07:00:00,16.0,15–45 days (extended attack),5.0,1.0,1,882.0248,POINT (-120.63825398163588 41.82590510540901),41.82590510540901,-120.63825398163588
{EFE986E6-1FB5-4072-ACA1-707C80363D98},REFUGE,LRA,2021.0,2021-03-27 07:00:00,2021-03-29 07:00:00,2.0,0–5 days (initial attack),1.0,1.0,18,873.3917,POINT (-121.61872772700686 41.940829994967196),41.940829994967196,-121.61872772700686
{7004765C-68A1-4A89-AD4F-6F7C6F7663FE},TUMBLEWEED,CCO,2021.0,2021-07-04 07:00:00,2021-07-08 07:00:00,4.0,0–5 days (initial attack),1.0,1.0,14,856.8701,POINT (-118.82352766451989 34.76560759047982),34.76560759047982,-118.82352766451989
,WILLOW VALLEY,BLM,2021.0,2021-08-12 07:00:00,2021-08-31 07:00:00,19.0,15–45 days (extended attack),3.0,1.0,1,823.8505,POINT (-121.08053663438183 42.00167202555933),42.00167202555933,-121.08053663438183
{AC34C5D2-D3D5-49C3-8CDD-A49E4B8E2186},SOUTH,CDF,2021.0,2021-08-25 07:00:00,2021-09-02 07:00:00,8.0,6–14 days (short duration),3.0,1.0,14,810.9695,POINT (-117.44772634411879 34.19479031060618),34.19479031060618,-117.44772634411879
{AF603979-4526-4EA0-9A72-EE8D9057EDE8},COW,CDF,2021.0,2021-06-20 07:00:00,2021-06-26 07:00:00,6.0,6–14 days (short duration),3.0,1.0,2,761.1113,POINT (-122.11332293710171 40.54731163583009),40.54731163583009,-122.11332293710171
{FF90CD09-752E-4F94-8BE4-2CCFFEA97795},BONITA,CDF,2021.0,2021-01-15 08:00:00,2021-03-10 08:00:00,54.0,46–95 days (long duration),6.0,1.0,14,681.1813,POINT (-116.69779890931065 33.706024867678956),33.706024867678956,-116.69779890931065
{7BEC06E6-A083-4ADF-9D19-468CB9E334DB},WOLF,CCO,2021.0,2021-01-19 08:00:00,2021-01-20 08:00:00,1.0,0–5 days (initial attack),4.0,1.0,14,674.1259,POINT (-119.14857343579556 34.99704997291425),34.99704997291425,-119.14857343579556
{DF941BFA-7C99-450B-A789-BC3C3C24B5FC},AIROLA,CDF,2021.0,2021-08-25 07:00:00,2021-08-26 07:00:00,1.0,0–5 days (initial attack),1.0,1.0,14,644.3386,POINT (-120.45059929633017 38.06154101222678),38.06154101222678,-120.45059929633017
{29A84861-D1CA-4C82-B8FD-62D45AE512D6},INYO CREEK,USF,2021.0,2021-06-19 07:00:00,2021-07-06 07:00:00,17.0,15–45 days (extended attack),3.0,1.0,1,601.6085,POINT (-118.20698428406992 36.58915704876457),36.58915704876457,-118.20698428406992
{65EB9E58-415E-418B-A300-F784BFED0000},ALABAMA,CDF,2021.0,2021-06-18 07:00:00,2021-06-21 07:00:00,3.0,0–5 days (initial attack),1.0,1.0,1,566.5927,POINT (-118.19628428542782 36.62290217729733),36.62290217729733,-118.19628428542782
{CF0E9AEC-A309-402F-BD49-0398140FC2F4},OVERLAND,CDF,2021.0,2021-06-19 07:00:00,2021-06-24 07:00:00,5.0,0–5 days (initial attack),7.0,1.0,4,559.1455,POINT (-116.37511646597243 32.86738909701245),32.86738909701245,-116.37511646597243
{7868868C-D03D-489A-AD12-514C48E537E0},NORTH,CCO,2021.0,2021-04-28 07:00:00,2021-04-30 07:00:00,2.0,0–5 days (initial attack),1.0,1.0,14,552.1964,POINT (-118.5791955831177 34.46948128678732),34.46948128678732,-118.5791955831177
{C8D93D6C-63DC-4301-9AEE-964061E7D04D},GUNNISON,CDF,2021.0,2021-05-08 07:00:00,2021-05-12 07:00:00,4.0,0–5 days (initial attack),1.0,1.0,2,548.9937,POINT (-121.88901423229936 39.86105279756285),39.86105279756285,-121.88901423229936
{057F3945-7D3E-4AF0-B9FE-6D55CC8ED16B},DOTTA,USF,2021.0,2021-06-30 07:00:00,2021-07-22 07:00:00,22.0,15–45 days (extended attack),8.0,1.0,14,531.91,POINT (-120.3685926104321 39.92225645252385),39.92225645252385,-120.3685926104321
{ED523856-70C2-4D84-9ECD-F80E710AEE30},MILE,CDF,2021.0,2021-05-27 07:00:00,2021-05-28 07:00:00,1.0,0–5 days (initial attack),1.0,1.0,7,507.8524,POINT (-120.82817626719124 37.87890505749619),37.87890505749619,-120.82817626719124
{EE343B88-0ADB-4C25-B744-6B4CE9DCC6DA},AUGUST COMPLEX,USF,2020.0,2020-08-16 07:00:00,2020-11-11 08:00:00,87.0,46–95 days (long duration),3.0,1.0,1,1032700.0,POINT (-122.99707576127166 39.943014971792444),39.943014971792444,-122.99707576127166
{871C357C-444E-437E-AD4D-EBDAF39C3AD6},SCU LIGHTNING COMPLEX,CDF,2020.0,2020-08-16 07:00:00,2020-09-11 07:00:00,26.0,15–45 days (extended attack),2.0,1.0,1,396824.5,POINT (-121.44908957609364 37.352240744164185),37.352240744164185,-121.44908957609364
{33CBB9DC-6983-4F47-B821-9C9A6CAC381D},CREEK,USF,2020.0,2020-09-04 07:00:00,2020-12-24 08:00:00,111.0,95+ days (campaign fire),8.0,1.0,14,379842.4,POINT (-119.27615270512378 37.33226763789372),37.33226763789372,-119.27615270512378
{6701B25B-7005-4C57-8577-96E15AC213C4},NORTH COMPLEX,USF,2020.0,2020-08-17 07:00:00,2020-12-03 08:00:00,108.0,95+ days (campaign fire),1.0,1.0,1,318797.3,POINT (-121.19646181246185 39.728769638371226),39.728769638371226,-121.19646181246185
{AB8C9F13-A691-48C7-8BF6-3A4A5946F0EF},HENNESSEY,CDF,2020.0,2020-08-17 07:00:00,2020-09-16 07:00:00,30.0,15–45 days (extended attack),7.0,1.0,1,305351.9,POINT (-122.23905910988265 38.61801961541263),38.61801961541263,-122.23905910988265
{4CE00061-B897-49DC-8839-D08E040FF65D},CASTLE,USF,2020.0,2020-08-19 07:00:00,2021-01-04 08:00:00,138.0,95+ days (campaign fire),7.0,1.0,1,170647.9,POINT (-118.54622921908827 36.21707752594727),36.21707752594727,-118.54622921908827
{24CDAB5C-7832-4546-BD05-15CC702A0326},SLATER,USF,2020.0,2020-09-08 07:00:00,2020-12-12 08:00:00,95.0,46–95 days (long duration),3.0,1.0,14,157429.9,POINT (-123.50084558814173 41.94589616174776),41.94589616174776,-123.50084558814173
{843FC86F-D6D2-4E49-93EA-96F6B0720C3D},RED SALMON COMPLEX,USF,2020.0,2020-07-27 07:00:00,2020-11-19 08:00:00,115.0,95+ days (campaign fire),8.0,1.0,1,143836.4,POINT (-123.39424676200007 41.118695591820796),41.118695591820796,-123.39424676200007
{F0A60F88-D1D5-4D86-8105-A3A06456B357},DOLAN,USF,2020.0,2020-08-18 07:00:00,2020-12-31 08:00:00,135.0,95+ days (campaign fire),7.0,1.0,14,124527.4,POINT (-121.4625525867831 36.071150124297546),36.071150124297546,-121.4625525867831
{56C3E0AE-98EF-4433-863D-23A5DFF3D0C2},BOBCAT,USF,2020.0,2020-09-06 07:00:00,2020-10-19 07:00:00,43.0,15–45 days (extended attack),7.0,1.0,14,115998.0,POINT (-117.92980350699696 34.33218357835669),34.33218357835669,-117.92980350699696
{947FBFB1-EBEA-452F-9AD5-E4FC38C05068},CZU LIGHTNING COMPLEX,CDF,2020.0,2020-08-16 07:00:00,2020-09-24 07:00:00,39.0,15–45 days (extended attack),7.0,1.0,1,86553.46,POINT (-122.22373508723865 37.14743674813786),37.14743674813786,-122.22373508723865
{0AFEBC32-36EE-4FA8-AEC5-419C9C6BA51D},W-5 COLD SPRINGS,BLM,2020.0,2020-08-18 07:00:00,2020-09-13 07:00:00,26.0,15–45 days (extended attack),7.0,1.0,1,84817.6,POINT (-120.0796330419023 41.094093312348356),41.094093312348356,-120.0796330419023
{29649803-B9D9-4F8D-9A38-A0CDDC6FD2D2},CALDWELL,NPS,2020.0,2020-07-22 07:00:00,2020-09-01 07:00:00,41.0,15–45 days (extended attack),7.0,1.0,1,81224.68,POINT (-121.45437059166932 41.734661411203994),41.734661411203994,-121.45437059166932
,GLASS,CDF,2020.0,2020-09-27 07:00:00,2020-10-20 07:00:00,23.0,15–45 days (extended attack),7.0,1.0,14,67484.41,POINT (-122.54611912889376 38.538054425168966),38.538054425168966,-122.54611912889376
{50253DF3-A05D-4951-8D9A-E8E8658A57B5},ZOGG,CDF,2020.0,2020-09-27 07:00:00,2020-10-13 07:00:00,16.0,15–45 days (extended attack),3.0,1.0,14,56338.05,POINT (-122.62198699754595 40.43763376024499),40.43763376024499,-122.62198699754595
{2A5481B2-B479-4124-81B0-5463F9D16A17},WALBRIDGE,CDF,2020.0,2020-08-17 07:00:00,2020-09-11 07:00:00,25.0,15–45 days (extended attack),7.0,1.0,1,55208.94,POINT (-123.01247738697313 38.6161753550027),38.6161753550027,-123.01247738697313
{D87D9FB8-3E55-4CF8-BB70-F099C48AB590},RIVER,CDF,2020.0,2020-08-16 07:00:00,2020-09-04 07:00:00,19.0,15–45 days (extended attack),7.0,1.0,1,50213.82,POINT (-121.56737486910673 36.481691597101936),36.481691597101936,-121.56737486910673
{0896AFFE-7839-40D4-BA6D-407F47E4CAA6},LOYALTON,USF,2020.0,2020-08-14 07:00:00,2020-08-27 07:00:00,13.0,6–14 days (short duration),8.0,1.0,1,46720.91,POINT (-120.10773405555383 39.70738847706323),39.70738847706323,-120.10773405555383
{60146AC0-3AC8-462B-AC80-60D31F1B4D96},DOME,NPS,2020.0,2020-08-15 07:00:00,2020-09-12 07:00:00,28.0,15–45 days (extended attack),8.0,1.0,1,44211.25,POINT (-115.58469190513297 35.29359474799993),35.29359474799993,-115.58469190513297
{92EB6A48-F988-48C5-BE65-EB3140DC6E27},APPLE,CDF,2020.0,2020-07-31 07:00:00,2020-11-15 08:00:00,107.0,95+ days (campaign fire),1.0,1.0,2,33235.8,POINT (-116.85747272842873 34.024934794618794),34.024934794618794,-116.85747272842873
{BD5901D9-C99A-45CB-B799-F1CAD5F3EA4B},LAKE,USF,2020.0,2020-08-12 07:00:00,2020-08-30 07:00:00,18.0,15–45 days (extended attack),7.0,1.0,14,30999.4,POINT (-118.55504283933345 34.67633512960227),34.67633512960227,-118.55504283933345
{8D0B4D83-3B1E-47A1-9F56-C2CAEC1A6697},MINERAL,CDF,2020.0,2020-07-13 07:00:00,2020-07-26 07:00:00,13.0,6–14 days (short duration),2.0,1.0,14,29666.96,POINT (-120.56001270897885 36.17616454859591),36.17616454859591,-120.56001270897885
{FB31F965-B88D-4C84-8B88-3241F38187CC},SHEEP,USF,2020.0,2020-08-17 07:00:00,2020-09-07 07:00:00,21.0,15–45 days (extended attack),7.0,1.0,1,29541.14,POINT (-120.72093548715699 40.32564676580159),40.32564676580159,-120.72093548715699
{4DE3802A-339C-4F3D-BD9A-61D55E9D2AA5},SLINK,USF,2020.0,2020-08-29 07:00:00,2020-11-13 08:00:00,76.0,46–95 days (long duration),7.0,1.0,14,26751.78,POINT (-119.56591851996231 38.52242717005557),38.52242717005557,-119.56591851996231
{E180DEC7-DA19-459B-9727-B2AE2C2BE0DE},GOLD,CDF,2020.0,2020-07-20 07:00:00,2020-10-29 07:00:00,101.0,95+ days (campaign fire),7.0,1.0,14,22652.56,POINT (-120.81619123955456 41.06386368393739),41.06386368393739,-120.81619123955456
,EL DORADO,USF,2020.0,2020-09-05 07:00:00,2020-11-16 08:00:00,72.0,46–95 days (long duration),2.0,1.0,14,22503.71,POINT (-116.95668499173907 34.09389608049227),34.09389608049227,-116.95668499173907
{54D7D11C-04DF-418A-9D22-9249FF56A4B8},MOUNTAIN VIEW,BLM,2020.0,2020-11-17 08:00:00,2020-11-30 08:00:00,13.0,6–14 days (short duration),2.0,1.0,14,20374.56,POINT (-119.4112354742114 38.55792747007831),38.55792747007831,-119.4112354742114
{A55E40C0-7692-40CD-95ED-113D7936B7F7},VALLEY,USF,2020.0,2020-09-05 07:00:00,2020-09-24 07:00:00,19.0,15–45 days (extended attack),3.0,1.0,14,16389.54,POINT (-116.68924831829091 32.736984287095844),32.736984287095844,-116.68924831829091
{B2E115D6-E687-4E3F-8309-0EAF6530522A},BLUE RIDGE,CDF,2020.0,2020-10-26 07:00:00,2020-11-02 08:00:00,7.0,6–14 days (short duration),7.0,1.0,14,13694.53,POINT (-117.70190240540427 33.91178372268728),33.91178372268728,-117.70190240540427
{BDE833A4-B278-4418-8526-67F2BFC7D7CD},SILVERADO,CDF,2020.0,2020-10-26 07:00:00,2020-11-02 08:00:00,7.0,6–14 days (short duration),7.0,1.0,14,12469.21,POINT (-117.70021625531898 33.718782113474205),33.718782113474205,-117.70021625531898
{A3E0E911-3411-46A6-8928-97727DB86BB9},BACCARAT,BLM,2020.0,2020-10-04 07:00:00,2020-10-11 07:00:00,7.0,6–14 days (short duration),2.0,1.0,14,10456.4,POINT (-119.95691531938546 39.77680349959128),39.77680349959128,-119.95691531938546
{795DCBB1-F228-4F7B-9C92-14999DC4B397},HOG,CDF,2020.0,2020-07-18 07:00:00,2020-08-28 07:00:00,41.0,15–45 days (extended attack),7.0,1.0,14,9566.36,POINT (-120.8050487693901 40.420325162672995),40.420325162672995,-120.8050487693901
{DE1057CC-F14B-4352-B80D-75C93219E9ED},NADEAU,BLM,2020.0,2020-07-29 07:00:00,2020-08-04 07:00:00,6.0,6–14 days (short duration),7.0,1.0,14,9150.402,POINT (-117.4632992568891 36.01361868763453),36.01361868763453,-117.4632992568891
{C99607D1-B1D4-4FE3-9B28-36C315AC4306},DEVIL,USF,2020.0,2020-09-09 07:00:00,,,,7.0,1.0,14,8871.938,POINT (-123.23394702437129 41.924537949448315),41.924537949448315,-123.23394702437129
{82728166-E47A-49A5-94F6-49B65894EECD},RATTLESNAKE,NPS,2020.0,2020-08-16 07:00:00,2020-12-28 08:00:00,134.0,95+ days (campaign fire),7.0,2.0,1,8422.869,POINT (-118.4151653579053 36.43011280562215),36.43011280562215,-118.4151653579053
,STAGECOACH,CCO,2020.0,2020-08-03 07:00:00,2020-08-03 07:00:00,0.0,,1.0,1.0,14,7750.637,POINT (-118.48489773065766 35.453485536662086),35.453485536662086,-118.48489773065766
{BBB4EB3D-47BC-4068-AF1F-CD5B45501813},CARMEL,CDF,2020.0,2020-08-18 07:00:00,2020-09-06 07:00:00,19.0,15–45 days (extended attack),7.0,1.0,10,6996.944,POINT (-121.65429373593014 36.41711639974712),36.41711639974712,-121.65429373593014
{9D6C7514-519B-44A6-BB26-9B61B2F176F2},BLUEJAY,NPS,2020.0,2020-07-25 07:00:00,2020-11-19 08:00:00,117.0,95+ days (campaign fire),7.0,2.0,1,6922.014,POINT (-119.61125380979519 37.84126775491339),37.84126775491339,-119.61125380979519
{CD8D2F6A-BA50-43CF-A62F-894091D839CC},NORTH,BLM,2020.0,2020-08-02 07:00:00,2020-08-10 07:00:00,8.0,6–14 days (short duration),7.0,1.0,10,6882.293,POINT (-119.99043541990223 39.849586114162136),39.849586114162136,-119.99043541990223
{F7749F47-7C98-4CEC-A5DE-70DB9A9BE33F},BOND,CDF,2020.0,2020-12-03 08:00:00,2020-12-07 08:00:00,4.0,0–5 days (initial attack),7.0,1.0,14,6681.099,POINT (-117.66271011679343 33.73977218304259),33.73977218304259,-117.66271011679343
{FFCB89F5-98FB-4C3A-9554-3D1554181A63},SNOW,CDF,2020.0,2020-09-17 07:00:00,2020-09-24 07:00:00,7.0,6–14 days (short duration),2.0,1.0,10,6253.439,POINT (-116.67956086551116 33.873624374666974),33.873624374666974,-116.67956086551116
{5D075A6A-350E-497F-B977-A6DCF275B2EC},CREWS,CDF,2020.0,2020-07-05 07:00:00,2020-07-15 07:00:00,10.0,6–14 days (short duration),2.0,1.0,8,5513.191,POINT (-121.45379904540285 37.01669940626616),37.01669940626616,-121.45379904540285
{A2E9EF53-43C2-4BBE-9CEF-DDF85A481D7A},GRANT,CDF,2020.0,2020-06-12 07:00:00,2020-06-12 07:00:00,0.0,,1.0,1.0,2,5062.198,POINT (-121.15449651445046 38.567138692405806),38.567138692405806,-121.15449651445046
{D8BCD0D3-AC7A-40AD-8A14-C34E29BD4126},WOODWARD,NPS,2020.0,2020-08-18 07:00:00,2020-11-20 08:00:00,94.0,46–95 days (long duration),7.0,1.0,1,4901.727,POINT (-122.82107146389136 38.02345978174699),38.02345978174699,-122.82107146389136
{D3F5D9A5-75C8-4650-87CD-9C3E1051802D},RANCH2,USF,2020.0,2020-08-13 07:00:00,2020-10-01 07:00:00,49.0,46–95 days (long duration),7.0,1.0,14,4119.205,POINT (-117.90774457254842 34.1970077383177),34.1970077383177,-117.90774457254842
{61092DF2-2505-4B5D-8CC5-D1896138C918},BEACH,USF,2020.0,2020-08-16 07:00:00,2020-08-27 07:00:00,11.0,6–14 days (short duration),7.0,1.0,1,3668.429,POINT (-118.98713846610127 37.93292988148022),37.93292988148022,-118.98713846610127
,CREEK 5,DOD,2020.0,2020-12-24 08:00:00,2020-12-31 08:00:00,7.0,6–14 days (short duration),8.0,1.0,14,3052.173,POINT (-117.28689648535152 33.38059311545675),33.38059311545675,-117.28689648535152
{A8DB6C0F-972D-4E13-B3FB-DF4F6E0B8C0A},BRANCH,CDF,2020.0,2020-07-28 07:00:00,2020-08-03 07:00:00,6.0,6–14 days (short duration),7.0,1.0,10,2922.204,POINT (-120.0238550649044 35.29495213708993),35.29495213708993,-120.0238550649044
{3DE641EE-702E-4EF7-B274-F1B5F12A0506},BENA,CCO,2020.0,2020-07-01 07:00:00,2020-07-05 07:00:00,4.0,0–5 days (initial attack),1.0,1.0,14,2884.41,POINT (-118.6488985904963 35.30640576190648),35.30640576190648,-118.6488985904963
{F4F886BF-83AE-426C-939B-879D997A9EC5},MOC,CDF,2020.0,2020-08-20 07:00:00,2020-09-05 07:00:00,16.0,15–45 days (extended attack),1.0,1.0,9,2857.605,POINT (-120.2727565751122 37.7871076358425),37.7871076358425,-120.2727565751122
{640FD5AB-A721-41FB-97AF-64D45210D561},LAURA 2,BLM,2020.0,2020-11-17 08:00:00,2020-11-23 08:00:00,6.0,6–14 days (short duration),7.0,1.0,14,2729.027,POINT (-120.08957670839021 40.06262740926608),40.06262740926608,-120.08957670839021
{F6DEE06F-4EC1-42BB-9135-6B0196015A42},MEYERS,CDF,2020.0,2020-08-17 07:00:00,2020-09-02 07:00:00,16.0,15–45 days (extended attack),7.0,1.0,1,2360.251,POINT (-123.20391061824942 38.50610599799769),38.50610599799769,-123.20391061824942
{6072A4CB-F525-4D19-87CC-6BDA2E4FCB1D},HOLSER,CCO,2020.0,2020-08-17 07:00:00,2020-08-22 07:00:00,5.0,0–5 days (initial attack),7.0,1.0,14,2188.634,POINT (-118.73244477162568 34.45759665776042),34.45759665776042,-118.73244477162568
{3572B770-DBB0-4997-8934-49FED0657B01},PASS,CDF,2020.0,2020-06-28 07:00:00,2020-07-01 07:00:00,3.0,0–5 days (initial attack),1.0,1.0,11,2163.698,POINT (-121.1632572939999 37.04617032532142),37.04617032532142,-121.1632572939999
{0F746982-4902-497B-82CD-CC5B16D97F3D},HILLS,CDF,2020.0,2020-08-15 07:00:00,2020-09-27 07:00:00,43.0,15–45 days (extended attack),2.0,1.0,1,2120.98,POINT (-120.30009975011674 35.977632940744286),35.977632940744286,-120.30009975011674
{DD23418F-7040-439F-8024-1441931BA3F0},WOLF,NPS,2020.0,2020-08-10 07:00:00,2020-11-19 08:00:00,101.0,95+ days (campaign fire),7.0,2.0,1,2057.296,POINT (-119.6230833498755 37.88099606002262),37.88099606002262,-119.6230833498755
{C0DD9C3E-2CC6-486F-BA0B-2384310B0DF0},FOX,USF,2020.0,2020-09-14 07:00:00,2020-09-28 07:00:00,14.0,6–14 days (short duration),3.0,1.0,4,2027.554,POINT (-122.85341337138858 41.23959684373755),41.23959684373755,-122.85341337138858
{0D9DCF27-F7DB-4ACB-A33D-099CE2617449},POND,CDF,2020.0,2020-08-01 07:00:00,2020-08-09 07:00:00,8.0,6–14 days (short duration),1.0,1.0,7,1962.329,POINT (-120.43304004348308 35.395694195660006),35.395694195660006,-120.43304004348308
{1FDE9A25-8AB5-4606-8F61-93EBFA5E7FF0},SANDERSON,CDF,2020.0,2020-12-13 08:00:00,2020-12-14 08:00:00,1.0,0–5 days (initial attack),7.0,1.0,4,1954.651,POINT (-117.0629424980127 33.90058092225146),33.90058092225146,-117.0629424980127
{7A0C1344-5E9F-4327-945A-0A93F913F4F9},QUAIL,CDF,2020.0,2020-06-06 07:00:00,2020-06-18 07:00:00,12.0,6–14 days (short duration),7.0,1.0,14,1841.0,POINT (-122.01735571333721 38.4742038844077),38.4742038844077,-122.01735571333721
{D1A5A79C-0354-4C70-83EA-9A0F37488850},FORK,USF,2020.0,2020-09-08 07:00:00,2020-11-08 08:00:00,61.0,46–95 days (long duration),7.0,1.0,14,1668.45,POINT (-120.42437354221887 38.98714016408593),38.98714016408593,-120.42437354221887
{F88FECB2-CA1C-4614-A278-B2E71BA65E0C},SODA,CDF,2020.0,2020-06-10 07:00:00,2020-06-10 07:00:00,0.0,,6.0,1.0,10,1653.114,POINT (-119.94903471874875 35.33060317748505),35.33060317748505,-119.94903471874875
{9E8E9A8D-BAC5-416B-9386-41F803BF52C3},SALT,CDF,2020.0,2020-08-18 07:00:00,2020-08-28 07:00:00,10.0,6–14 days (short duration),1.0,1.0,9,1593.732,POINT (-120.75226314788003 37.99905425605342),37.99905425605342,-120.75226314788003
{44797D81-7F12-447F-9D0E-B9AB3EBE8D6C},SOLEDAD,CCO,2020.0,2020-07-05 07:00:00,2020-07-07 07:00:00,2.0,0–5 days (initial attack),1.0,1.0,9,1525.536,POINT (-118.33629001027495 34.45474958096472),34.45474958096472,-118.33629001027495
{82C7D25A-86B8-419C-AFAB-EDB8E3C53708},COYOTE,CDF,2020.0,2020-07-15 07:00:00,2020-07-18 07:00:00,3.0,0–5 days (initial attack),1.0,1.0,14,1485.075,POINT (-120.99914505340628 36.67469501021316),36.67469501021316,-120.99914505340628
{F55DF3A6-DB93-4EEE-A3FC-7387C6E8F760},WALKER,CDF,2020.0,2020-06-16 07:00:00,2020-06-23 07:00:00,7.0,6–14 days (short duration),2.0,1.0,9,1398.004,POINT (-120.70624543292749 38.07054935312118),38.07054935312118,-120.70624543292749
{9F9E1BE4-BE1A-4A44-AE9B-D38B9F4364C2},DALTON ,USF,2020.0,2020-07-23 07:00:00,2020-08-15 07:00:00,23.0,15–45 days (extended attack),3.0,1.0,1,1367.078,POINT (-121.06030325307933 41.72498119026316),41.72498119026316,-121.06030325307933
{84EB3715-5649-43F0-BC29-B4767EB649A4},SCORPION,NPS,2020.0,2020-05-31 07:00:00,2020-06-05 07:00:00,5.0,0–5 days (initial attack),1.0,1.0,2,1320.728,POINT (-119.54204983754867 34.036295381741525),34.036295381741525,-119.54204983754867
{E2D7ECC4-10C8-433C-AD14-6A7AB77D2B75},MORAINE,NPS,2020.0,2020-08-21 07:00:00,2020-12-29 08:00:00,130.0,95+ days (campaign fire),2.0,1.0,1,1316.038,POINT (-118.55182762164816 36.72706969525841),36.72706969525841,-118.55182762164816
{1E4A0681-76DE-459B-B08A-EE73C0E6642B},WILLOWS,CDF,2020.0,2020-09-09 07:00:00,2020-10-13 07:00:00,34.0,15–45 days (extended attack),3.0,1.0,7,1309.09,POINT (-121.33249258341147 39.374915216493804),39.374915216493804,-121.33249258341147
{83FF98B9-0646-426F-9775-76697BD56D39},OAK,CDF,2020.0,2020-09-07 07:00:00,2020-09-28 07:00:00,21.0,15–45 days (extended attack),7.0,1.0,9,1146.466,POINT (-123.37811246997973 39.488367318813914),39.488367318813914,-123.37811246997973
,AIRPORT,CDF,2020.0,2020-12-01 08:00:00,2020-12-13 08:00:00,12.0,6–14 days (short duration),2.0,1.0,14,1085.7,POINT (-117.6280678442762 33.90291656797122),33.90291656797122,-117.6280678442762
{67C8B36C-AF0E-488C-AF84-765AAD6B9D9E},IVANPAH,NPS,2020.0,2020-06-22 07:00:00,2020-06-26 07:00:00,4.0,0–5 days (initial attack),8.0,1.0,8,1051.485,POINT (-115.1836122967357 35.19095491501129),35.19095491501129,-115.1836122967357
{3FEDDBE5-D05E-4ED6-94B5-92DE72CBF550},GRADE,CDF,2020.0,2020-06-22 07:00:00,2020-06-25 07:00:00,3.0,0–5 days (initial attack),1.0,1.0,7,1050.24,POINT (-119.17241222797958 36.55393447855189),36.55393447855189,-119.17241222797958
{A7920665-A4BB-47FA-871C-976D3213AB40},ALLEN,USF,2020.0,2020-07-21 07:00:00,2020-08-27 07:00:00,37.0,15–45 days (extended attack),3.0,1.0,1,1034.795,POINT (-121.07588230255311 41.357605954426184),41.357605954426184,-121.07588230255311
{D65F0439-388F-4168-AACA-A4F2836639A7},INDIA,DOD,2020.0,2020-06-09 07:00:00,2020-06-14 07:00:00,5.0,0–5 days (initial attack),8.0,1.0,9,959.2821,POINT (-117.34752503366748 33.35532598132019),33.35532598132019,-117.34752503366748
{9A02A1DA-E7D2-4567-8DF7-E33A4C9497B4},1-12,CDF,2020.0,2020-08-24 07:00:00,2020-09-10 07:00:00,17.0,15–45 days (extended attack),1.0,1.0,1,946.5836,POINT (-121.58442681598387 39.975043927646645),39.975043927646645,-121.58442681598387
{61AA84A0-8E88-4549-B694-BF14DD6E4CD4},5-4 POTTERS ,CDF,2020.0,2020-08-17 07:00:00,2020-09-10 07:00:00,24.0,15–45 days (extended attack),1.0,1.0,1,925.4019,POINT (-121.4921532076073 39.55521627051862),39.55521627051862,-121.4921532076073
{2CC6120E-41E4-4BB6-817A-F99205B1ECB0},ADAMS,USF,2020.0,2020-07-26 07:00:00,2020-07-31 07:00:00,5.0,0–5 days (initial attack),2.0,1.0,1,901.6728,POINT (-120.03287233745478 39.93214748469174),39.93214748469174,-120.03287233745478
{9716CBD8-3176-403E-90DC-C2575C72B943},BITTER,CDF,2020.0,2020-06-16 07:00:00,2020-06-20 07:00:00,4.0,0–5 days (initial attack),1.0,1.0,10,895.4044,POINT (-120.98356836448858 36.40952282715418),36.40952282715418,-120.98356836448858
{74F9525D-3F74-4353-87F1-94C819988153},SHOTGUN,USF,2020.0,2020-08-19 07:00:00,2021-01-04 08:00:00,138.0,95+ days (campaign fire),3.0,1.0,1,840.8506,POINT (-118.53807491826373 36.35056913879352),36.35056913879352,-118.53807491826373
{B15F6F4F-4EA5-4E8C-BDFF-B98E701A1593},CREEK,CDF,2020.0,2020-08-18 07:00:00,2020-08-26 07:00:00,8.0,6–14 days (short duration),7.0,1.0,10,834.2442,POINT (-123.18944186268779 39.80754863686015),39.80754863686015,-123.18944186268779
{F4D0B95E-066E-4883-85BE-D349FAE619F0},LIME,CCO,2020.0,2020-06-10 07:00:00,2020-06-17 07:00:00,7.0,6–14 days (short duration),7.0,1.0,14,802.5537,POINT (-118.78222612263738 34.45632444218268),34.45632444218268,-118.78222612263738
{5B6080CD-3E2B-4B14-914C-97708A04E7C1},COTTONWOOD,CDF,2020.0,2020-07-27 07:00:00,2020-07-29 07:00:00,2.0,0–5 days (initial attack),4.0,1.0,10,788.082,POINT (-121.18942207074245 37.079205597670935),37.079205597670935,-121.18942207074245
{31369C8B-B48E-439D-AC9F-8209EC0578BA},CLAY,CDF,2020.0,2020-07-29 07:00:00,2020-07-29 07:00:00,0.0,,1.0,1.0,3,740.1123,POINT (-121.14086385441638 38.414349324164085),38.414349324164085,-121.14086385441638
{0E5373E4-6CCB-483A-9327-A78B8766BDE4},ELK,CDF,2020.0,2020-08-16 07:00:00,2020-08-17 07:00:00,1.0,0–5 days (initial attack),1.0,1.0,1,730.4814,POINT (-122.42889564313022 39.57759942982194),39.57759942982194,-122.42889564313022
{E42D5340-7F01-40FE-9791-73B8C077135F},JONES,CDF,2020.0,2020-08-17 07:00:00,2020-09-28 07:00:00,42.0,15–45 days (extended attack),3.0,1.0,1,705.546,POINT (-121.10385881129065 39.27375859531934),39.27375859531934,-121.10385881129065
,DRUM,CCO,2020.0,2020-06-14 07:00:00,2020-06-17 07:00:00,3.0,0–5 days (initial attack),1.0,1.0,2,695.4706,POINT (-120.2638338373007 34.63371591339386),34.63371591339386,-120.2638338373007
{75ACF0A2-FBCF-4BC6-AF99-BB28865C3F95},AMORUSO,CDF,2020.0,2020-06-01 07:00:00,2020-06-04 07:00:00,3.0,0–5 days (initial attack),1.0,1.0,2,685.585,POINT (-121.37105085680298 38.82750941289951),38.82750941289951,-121.37105085680298
{0DF1645C-5A67-4734-89A6-172330D04945},BULLFROG,USF,2020.0,2020-09-08 07:00:00,2020-11-09 08:00:00,62.0,46–95 days (long duration),7.0,1.0,14,654.6398,POINT (-119.02353702441428 37.12733885982051),37.12733885982051,-119.02353702441428
{F847702C-2B8A-4AA7-9024-06DBB35415AF},ROWHER,USF,2020.0,2020-07-01 07:00:00,2020-07-09 07:00:00,8.0,6–14 days (short duration),7.0,1.0,7,648.1807,POINT (-118.32105658676207 34.55571303742227),34.55571303742227,-118.32105658676207
{C6C8DEA1-C739-4B3D-AB7A-5F691F282396},TRIMMER,USF,2020.0,2020-08-03 07:00:00,2020-09-01 07:00:00,29.0,15–45 days (extended attack),8.0,1.0,14,593.8648,POINT (-119.23263437695667 36.90163979150165),36.90163979150165,-119.23263437695667
{54629DE8-0E93-4F7D-B8D3-EF06771FDAF1},R-2 TRUMBULL,BLM,2020.0,2020-06-23 07:00:00,2020-06-28 07:00:00,5.0,0–5 days (initial attack),1.0,1.0,1,576.6608,POINT (-120.20274037571328 40.50321423542057),40.50321423542057,-120.20274037571328
{8F150B67-32DC-496F-AE06-AFBD27AF51DC},SITES,CDF,2020.0,2020-08-02 07:00:00,2020-08-02 07:00:00,0.0,,1.0,1.0,14,569.5134,POINT (-122.46881656576969 39.3074617017481),39.3074617017481,-122.46881656576969
{BA295E6F-1BA1-454C-B1AD-2ADD19F4C67F},LAKE,CDF,2020.0,2020-07-04 07:00:00,2020-07-04 07:00:00,0.0,,1.0,1.0,10,567.0063,POINT (-120.00318464555451 35.385420987448455),35.385420987448455,-120.00318464555451
{2B5E95A0-375C-41FB-A895-0BEE6F22E4EC},R-8 PINECODE,BLM,2020.0,2020-08-24 07:00:00,2020-08-29 07:00:00,5.0,0–5 days (initial attack),7.0,1.0,1,566.4945,POINT (-120.5306314318439 40.779019648905475),40.779019648905475,-120.5306314318439
{DB0B9472-74B9-4D89-8E78-A792C26FE4F2},COLEMAN,USF,2020.0,2020-10-18 07:00:00,2020-11-15 08:00:00,28.0,15–45 days (extended attack),8.0,1.0,14,562.9138,POINT (-121.34201357063279 36.10964974145412),36.10964974145412,-121.34201357063279
{5E07CF68-655D-4B9F-AD8A-6A524097F2FC},BADGER,CDF,2020.0,2020-07-18 07:00:00,2020-07-19 07:00:00,1.0,0–5 days (initial attack),1.0,1.0,10,557.3061,POINT (-122.6393676458822 41.79202462659834),41.79202462659834,-122.6393676458822
,PAVE PAWS,DOD,2020.0,2020-08-02 07:00:00,2020-08-02 07:00:00,0.0,,1.0,1.0,11,532.7733,POINT (-121.35276757007993 39.14053226401644),39.14053226401644,-121.35276757007993
{3C6DF595-A065-459D-8642-4129FA14C7C5},HOG,USF,2020.0,2020-06-12 07:00:00,2020-06-18 07:00:00,6.0,6–14 days (short duration),6.0,1.0,14,527.4882,POINT (-119.29612961518227 36.874983319001736),36.874983319001736,-119.29612961518227
{1074993B-E8F1-4B7B-B112-384E33B93F96},MEISS,CDF,2020.0,2020-08-13 07:00:00,2020-08-13 07:00:00,0.0,,1.0,1.0,9,509.1472,POINT (-121.075441659277 38.456534825624985),38.456534825624985,-121.075441659277
